,A,B,C,D
2000-01-01,0.5775850245396041,2.509003668711227,0.6895238077181143,-0.6264940827715513
2000-01-02,0.9388951723125962,2.112555528579484,-0.4168215072966155,-1.086783564730836
2000-01-03,-0.017727233580385193,2.5186225634047483,0.8367173280338294,-2.4183138620518836
2000-01-04,-0.6207663076666523,2.8630318104075543,0.9372881864894761,1.803140204943169
2000-01-05,-1.6474754328152652,2.6735814951930137,0.30140179147651913,1.483690529077127
2000-01-06,-2.6666485868342082,2.642053718636214,2.8632547039552265,3.5941946276854893
2000-01-07,-2.2878320474582923,0.775801447470321,2.0843008476481897,3.561040171208921
2000-01-08,-2.9762454871695305,-0.0885232363647479,2.413560305239415,4.816607748973697
2000-01-09,-2.6255985566073914,0.5769333166370968,0.9696604974093239,4.5987902908666705
2000-01-10,-3.597120748543172,1.0810242438642623,1.3066491862056104,4.828658069094563
2000-01-11,-4.44814075963396,0.40319805152139754,0.25010859228252014,4.080655755710478
2000-01-12,-3.9653901234933846,-0.4962249710100385,-1.2440603040965033,6.072306752379359
2000-01-13,-4.781615638966317,-0.09936347417925911,-1.9216096702977505,6.382197527483573
2000-01-14,-4.332883390569866,-0.4238425694306935,-1.5462208384583247,5.625865961403248
2000-01-15,-6.351164338748523,0.21615737815507802,-2.8993650463527536,6.119938525885423
2000-01-16,-5.091015438274557,-0.4286581432344298,-1.3916966088622724,6.5340659965914965
2000-01-17,-4.435657745078798,0.4831323852763378,-1.7803196920580866,6.253933423063093
2000-01-18,-2.5118196594863633,0.9456619380598656,1.3555298140507992,4.544344002848968
2000-01-19,-4.37574474520399,1.8266330856328503,2.085158010492892,4.8379638536958245
2000-01-20,-3.734091083235593,1.347155760363094,2.7385799087400735,5.486766711559802
2000-01-21,-4.5826385804732,2.4079053303012907,1.6692546042773242,5.941916863686715
2000-01-22,-5.1004346445701945,3.1254114234160775,2.0410221788096763,6.724410283093414
2000-01-23,-5.3271841720231885,2.625268491617585,1.741925468761933,6.800784762511496
2000-01-24,-5.191831137712376,2.1288126849329507,1.0286948063721493,8.044135290298364
2000-01-25,-4.221122256282971,2.2605451025534564,3.298777022741595,8.702661671645629
2000-01-26,-3.926121435329188,2.7396644997611572,0.6977882572190861,8.30277415462952
2000-01-27,-4.229040863129907,3.4263388436060165,1.4551252194156645,8.01582963312376
2000-01-28,-4.889259289743387,1.9815593804765539,-0.7572705112389748,6.4796339754322405
2000-01-29,-4.9842162420403495,3.424724920223687,-3.1649220658032626,6.062752820818836
2000-01-30,-4.963952551642952,2.482623710022718,-2.2891012466823266,6.289991060616608
2000-01-31,-4.822324839655739,3.739642851230295,-2.176229568880953,5.6863111485413835
2000-02-01,-4.985387900692789,5.763294887755519,-0.7511429073680029,5.5589933341086395
2000-02-02,-4.742181777589492,6.864797163477877,-0.7948965028772613,7.68910366961236
2000-02-03,-3.671954036731438,7.194192820675358,-1.0003634625636457,7.9247945995462254
2000-02-04,-3.3148105499172535,6.292132681735601,-2.4451047933676993,7.529626577115793
2000-02-05,-4.422614563523188,6.138390524716719,-1.4013553983700333,7.034754438859001
2000-02-06,-5.387755544513912,4.231466121416881,-2.0772904664429244,6.832057601066613
2000-02-07,-4.989990287043944,3.6382883805859647,-2.82522391974675,8.03220900668285
2000-02-08,-5.878132741411531,4.131793809803207,-4.487228190693433,8.940285841761538
2000-02-09,-4.882599647805746,2.87005239035138,-2.9587112983768624,9.89966142752161
2000-02-10,-3.382207725231211,3.6883077574787184,-3.5280464236824365,11.535347725826604
2000-02-11,-4.2922515387793245,4.19307515108305,-3.8085952092581876,11.552142923687343
2000-02-12,-4.083344069432449,3.3675233457684453,-4.58092832857826,11.396194689240355
2000-02-13,-4.454507601790981,4.948147200768075,-4.722678050325859,12.503177295804845
2000-02-14,-4.753989087936594,3.9401363174200883,-3.3157158772631052,12.448791151575122
2000-02-15,-6.769065620266247,4.529547440925997,-2.0654479655819005,13.517429933109971
2000-02-16,-7.184205904165851,5.208318219907601,-3.0179177643939132,14.752619909294964
2000-02-17,-6.514024732268357,4.698138479403648,-2.0224765833849014,13.566539957675532
2000-02-18,-6.815755336089749,5.7667042475902734,-1.7349998003283291,12.104025589368671
2000-02-19,-6.925686549538518,6.061690680095622,-1.210168500740957,10.660560212134122
2000-02-20,-7.2970026557225465,7.335989175411016,0.39188648916241564,10.511903089167566
2000-02-21,-6.036597145876765,6.085626059251631,0.804199497009894,10.961521213466247
2000-02-22,-4.598952705477301,5.958507578148524,0.4091083092106448,11.636439367647519
2000-02-23,-3.1970986079114003,5.074101523983958,0.5685377501766256,9.660396461777614
2000-02-24,-2.5014684900600557,4.861560675763257,0.09040899867577368,9.642312974660292
2000-02-25,-3.2333654897841866,4.657275249642618,-0.24526605132563556,9.989881451044745
2000-02-26,-2.6345578385710136,4.781702722764353,1.0767456728934208,10.026141528863102
2000-02-27,-1.0172037495380593,3.926022357107841,2.1359117618035897,10.34648558155618
2000-02-28,-0.400557253290317,3.4794555503787246,3.142503530031509,9.931479351271003
2000-02-29,-0.3384267932298206,3.636345131220502,4.7561821215143985,8.577189717463261
2000-03-01,-0.45978076087883735,2.972442383947576,6.429818622290526,8.548744657134359
2000-03-02,-0.5600565306003435,3.117441386678471,6.977702307274362,8.893963659764802
2000-03-03,-1.4692423676781363,4.046297596817749,6.098085346429719,7.262086846149675
2000-03-04,-1.1276161351196767,3.5197673970655448,6.059606831909802,8.461899490890591
2000-03-05,-1.7124450191411873,4.524294093277591,7.203142805248338,9.389377059239493
2000-03-06,-2.0554947100281327,4.014179243866784,7.197152463988254,10.205943377982187
2000-03-07,-0.7033502980613864,2.5406770251715054,7.704944233475567,11.08716481998677
2000-03-08,-0.513924253692031,3.5986248154064313,5.720259759654716,12.814612231201751
2000-03-09,-1.8043824046586054,3.743712748140291,6.728480222896674,13.451317955831641
2000-03-10,-3.726777699988781,3.66634180802255,5.471638837075741,13.702282463153773
2000-03-11,-2.886324248498997,2.933747008421868,7.219659050712975,12.534254054321746
2000-03-12,-2.4075324027803364,1.966891722074954,7.491601651243687,12.93189843961989
2000-03-13,-3.457652104783153,1.8626030288648654,9.04454446169657,14.216333821163637
2000-03-14,-3.851879552890933,2.14015825610918,9.2032358938011,13.291942004306785
2000-03-15,-2.848798377458352,2.8195672317755873,10.408560067656671,12.805627705279582
2000-03-16,-4.055331772276984,3.001662992565468,11.230189066392258,11.621529089844408
2000-03-17,-3.580579155186052,2.4573572610961265,10.655724854592608,10.53465965520128
2000-03-18,-2.2588387088111874,2.0541173622436695,10.319431131172415,8.973455282410205
2000-03-19,-2.225177824558192,1.3126342990066948,9.362878956893276,8.2049488208544
2000-03-20,-2.9270189633266352,-0.2568260376578315,10.649383102388988,8.614941167316415
2000-03-21,-2.024353577721651,-1.0949618778370034,9.855246036143416,8.567037180846446
2000-03-22,-2.3588597633639052,-1.2408212320948475,9.287081843605126,7.445768245199524
2000-03-23,-4.4443832228946345,-1.236916623222163,10.179163134018713,6.703625663356165
2000-03-24,-3.1267894138579404,0.5562602427029146,10.674376932474779,7.10876324362175
2000-03-25,-3.917905323581724,1.2898926377795727,10.57235795275339,7.461454456267919
2000-03-26,-2.8330708876441584,1.1399900213080907,8.336620146357395,7.763549169565282
2000-03-27,-3.7509093691067887,1.8075949448939488,7.671272791175484,8.02355628891387
2000-03-28,-5.442618880498102,1.106119314988152,8.243538544361577,7.876314960643554
2000-03-29,-6.200372140905866,0.9250609588978965,8.747566346043541,7.096507768959966
2000-03-30,-6.745171738560878,-0.466625961287498,7.8983369698381445,6.741119240884447
2000-03-31,-7.198016652990619,0.4658416148196016,7.77443564918194,7.4303685149904375
2000-04-01,-7.1423646388894095,-0.44692158347044597,7.209347341930011,9.100258025634151
2000-04-02,-6.186650606796071,-1.028227849102144,6.301000139492341,9.617499948569764
2000-04-03,-5.273964972922697,-0.3437416119557819,4.224032271664431,9.086464557114894
2000-04-04,-4.726886786438688,-0.5025371325737031,4.0764965300542535,11.23178460120543
2000-04-05,-5.8766529293321765,-0.8524410477863988,5.348321700440455,12.81291647050742
2000-04-06,-6.29226425255988,-0.643104752438385,5.147884248274588,12.795828473314488
2000-04-07,-6.9741592756995825,-0.9439436228275134,4.567908291637095,13.197664298484689
2000-04-08,-6.637074926450686,0.3553002618983595,5.9300937153568185,15.480485996468724
2000-04-09,-7.061003410798899,1.640292394002807,6.3023669362310795,12.995485734127293
2000-04-10,-6.546617135988568,1.7139423999253962,5.870388270089762,13.433084175646663
2000-04-11,-6.491325070802567,2.572733948950763,5.148610026140317,13.744257639685483
2000-04-12,-6.208531717366858,2.3104230810466624,5.137733140747293,14.817247976063376
2000-04-13,-6.904209561628818,1.8350365581466017,5.764152124541121,13.442067348099727
2000-04-14,-5.957465740757295,0.676724692554348,7.842341286466039,13.914069186348
2000-04-15,-6.715395685953342,0.8489808263991563,6.400061849499115,13.737781132682988
2000-04-16,-6.845392366542362,1.654877323885815,6.774672048471418,12.458655650622227
2000-04-17,-4.301353909195216,0.7216428963365242,6.742092895640522,13.108331059344284
2000-04-18,-4.983946450906353,0.1077506154590242,5.843048040878248,13.10067230927351
2000-04-19,-6.037045646133917,0.7767470787131191,5.6552143931151955,12.670754583277413
2000-04-20,-7.275775402447814,-0.6055045605998858,4.979895203156293,12.415858913152869
2000-04-21,-6.036055520283145,-0.6762651301294639,4.0154776177564875,13.450308730752537
2000-04-22,-5.303804299067534,-0.1582358082167742,6.827019997351972,12.74716187287132
2000-04-23,-5.990414240367458,-0.377003357739787,7.756394131489786,15.458782266546322
2000-04-24,-6.285350396453957,0.649270369760773,6.766018644876768,15.15297297178158
2000-04-25,-6.327605713825792,1.5406010449939531,5.009953676548544,14.936878003296618
2000-04-26,-5.449407647776229,2.3911597158399034,5.07341706155076,15.251480886553445
2000-04-27,-5.996989927821281,1.0287245968057401,3.7792300132289967,14.037389649514513
2000-04-28,-4.582987796290745,1.4807136371133456,4.4319060693427685,14.065784040607955
2000-04-29,-4.254471545057871,2.3506709236705823,3.984630364501479,14.603882933054457
2000-04-30,-4.523155617359262,0.7247185690345035,4.145802957361848,15.307410860198308
2000-05-01,-3.445943330183842,2.020447197161981,5.381272679051714,14.6215215154701
2000-05-02,-2.720439383624184,0.9375346811006022,5.3139641862183025,14.987233888874764
2000-05-03,-3.4005647762570845,0.02259856215556233,6.912886663991549,15.588475085566804
2000-05-04,-3.6402438815520557,2.8418409497721777,7.638048001341613,15.95630649814201
2000-05-05,-3.5388268846719306,1.8983072359303335,8.80944677649599,14.848099264600794
2000-05-06,-2.0892795984529418,2.9300064798132075,9.535405319222535,14.179162428105638
2000-05-07,-3.4051179742073407,3.4516455017460688,10.133436978035283,15.838918753612424
2000-05-08,-3.631739762193802,3.201565790647661,9.884593515781695,15.167784327112296
2000-05-09,-4.444837268127213,2.758076654371302,9.741771320249752,14.178261064057073
2000-05-10,-3.8985156370911507,2.797203369214433,9.524946390158249,14.774340831499025
2000-05-11,-3.4111809310844348,2.6275406344059045,8.444358313043054,13.907683166951033
2000-05-12,-3.956704157122633,2.979728129257972,6.986910505137093,13.929666811098961
2000-05-13,-3.089141309136057,1.75167586105359,6.914767938274544,13.907434090776752
2000-05-14,-3.9342699645109276,3.3424434578481805,8.495030247116011,13.679830571007649
2000-05-15,-5.749595489641543,3.706696424199225,8.416621629074314,13.837055206545502
2000-05-16,-6.732554056840545,4.015852873814253,7.65902353243031,11.731471422390113
2000-05-17,-7.6921568280051655,3.7077614411311215,6.718971244705954,11.202126551076136
2000-05-18,-5.0053621505522425,2.895516660434975,7.016087239119618,12.121217138390152
2000-05-19,-7.030642094332007,2.5603624494957784,7.706538563334267,12.56054988235636
2000-05-20,-7.5027223091640565,2.4867791588598083,7.3012236264911925,10.522305842209736
2000-05-21,-6.942786602113193,3.2235071812078218,8.872029518541185,9.441111273016785
2000-05-22,-5.240288692847593,4.9320182542984545,7.473549640184871,10.32363474869804
2000-05-23,-3.934015125641443,4.013293482341878,6.56919285084152,10.516052879444423
2000-05-24,-2.964931385944535,5.283530541411255,8.184952365684403,8.544262842226248
2000-05-25,-4.610517491815048,5.374009587078338,7.842352545084331,8.723878489659768
2000-05-26,-4.966205348333901,4.586212971608609,7.103134879067738,8.778373264043477
2000-05-27,-6.78533688598012,4.7562303826698376,8.459410603545406,8.696340902305643
2000-05-28,-7.092492377292148,4.709188287263536,7.201678008097504,9.716220707545247
2000-05-29,-7.524708603072236,3.207419800083418,6.915771597328818,9.873110489941686
2000-05-30,-6.4196626179224,3.494532308556775,7.0608116123263684,8.54743072319832
2000-05-31,-7.47796557330811,4.740205124440189,7.299669208325221,9.76175785607264
2000-06-01,-7.8354836220116955,3.7820169586416172,8.917194454949572,10.36218680757267
2000-06-02,-7.116140149893457,3.0066448812380133,9.196476217568037,9.746374513818628
2000-06-03,-8.032268106613959,3.6253585632026404,9.066034821237702,10.204492574471647
2000-06-04,-9.00226806927936,3.776416394210766,7.061943080716173,8.184575340885008
2000-06-05,-7.842885563939615,3.6043776947529307,6.33392253828008,8.879364988949508
2000-06-06,-7.166498502322537,3.125175708563598,5.849050778930893,9.952622573183046
2000-06-07,-7.6462089438243614,3.8753315907261427,6.766209223416617,11.27735814114601
2000-06-08,-6.91944448242592,5.516445612421148,6.686531437369806,10.123892068719261
2000-06-09,-8.01665357901182,3.482969755268739,7.742888703388934,8.38906369418478
2000-06-10,-8.790582880839745,4.447887197750028,7.032644390080774,8.977199198272514
2000-06-11,-9.013287242472927,3.4131169370861665,6.410090656343829,8.733349266557104
2000-06-12,-8.460030493816436,3.470862772846599,7.574392068228517,8.759035384088458
2000-06-13,-8.569825931053089,4.487735131770926,7.2963721241111585,7.271839519338325
2000-06-14,-10.188384029929216,5.461950886886074,7.302732570087228,7.086251655386145
2000-06-15,-8.872784162549038,5.372099260106241,6.774309901744953,8.883414183303012
2000-06-16,-8.669052297818373,7.046735949060169,9.275372065756068,6.788778760211647
2000-06-17,-8.867769152125653,6.869909213649179,7.655632128204263,8.493344984944285
2000-06-18,-7.847154325364942,7.398972325368879,6.899087670413994,8.15887898973604
2000-06-19,-8.045793150966148,6.64510115684724,7.282981007621782,8.594400587767526
2000-06-20,-6.301803426272957,6.271843902682127,8.235325414473987,8.343861366156098
2000-06-21,-5.41881450919656,5.499987349343645,7.989064984504197,6.865254158280548
2000-06-22,-5.6171359586058935,5.636134701129238,6.786020257575926,6.106125918078303
2000-06-23,-5.438115970059184,6.157684375934366,4.306835101733297,6.581504677672144
2000-06-24,-4.759724332265849,8.200624582289265,4.7868455971563355,8.838315855889977
2000-06-25,-4.68107232219895,7.848953421485723,4.3819957419731335,10.189661621581275
2000-06-26,-6.265461836409258,8.343670120744129,4.510699672567023,10.250927036975417
2000-06-27,-7.709125528592388,8.46614227378566,4.175058634273789,9.795602974357056
2000-06-28,-6.231176439147249,7.957434216607087,3.9456680965539794,10.302424578421068
2000-06-29,-7.168468278904706,9.063054717395001,2.785248798606064,11.110800077189946
2000-06-30,-7.674958453396203,8.65089736166211,2.5720731858960106,12.99427845092254
2000-07-01,-7.471650164296446,8.542921172864196,2.787460657728918,13.130803332623376
2000-07-02,-7.0542163991868785,8.293392899528605,3.5353060573489836,14.013488568510846
2000-07-03,-5.710655497564078,8.874582782940971,3.7426822409465133,14.910291311113337
2000-07-04,-6.176629955111779,8.361399061737636,5.689173485666356,15.243122548707529
2000-07-05,-8.053970174330322,7.813208626175193,5.654332727329921,15.856352947641131
2000-07-06,-9.360942572169117,7.543592774864055,6.109657133302487,15.200763043744821
2000-07-07,-9.673706256828853,9.967302691863642,5.531978451447866,17.55886635086498
2000-07-08,-10.380735694291593,10.064048535626387,6.215435233818939,18.741292394272357
2000-07-09,-9.822062818239601,10.354668217509644,7.180674390468976,19.115383451395434
2000-07-10,-8.162293834568231,10.013477402231352,6.855747074094944,20.559732495476432
2000-07-11,-6.276147236799218,10.75102779906779,5.752800321094703,19.400155392263947
2000-07-12,-6.436666484224838,11.90784425770965,6.23340478520915,19.331151842556388
2000-07-13,-7.430610176657256,12.774476691447486,5.834566466732804,19.094156493451486
2000-07-14,-5.009927287036784,11.517821412247647,5.310558974343702,20.367795600769586
2000-07-15,-4.0732980012194675,10.516002611338358,5.605938521704548,20.631619134417406
2000-07-16,-3.2020134128805555,11.752629256623116,4.9910864292764225,18.760134414783288
2000-07-17,-4.8789649380958435,12.744235581839401,6.370548581668466,18.206882567601184
2000-07-18,-5.124541604749677,12.140130362347199,6.6955031946475145,19.200859471874097
2000-07-19,-7.067861948841673,14.607454649852933,6.7985653615712796,18.824291541898347
2000-07-20,-7.125019445763307,13.800305503564669,7.206094411327406,18.8619695526416
2000-07-21,-6.68652168726374,12.894364290519164,5.806872543165611,18.112066502421083
2000-07-22,-7.214033381690398,14.39051598195811,5.435186602652589,18.774826013362713
2000-07-23,-7.271736530072689,13.620424241916268,5.774300928030088,18.75024113530536
2000-07-24,-7.2946466219211725,12.959453811471949,5.29560606401397,16.387367774171622
2000-07-25,-7.927068370693652,12.589033805385824,5.800731524101169,17.154132788591507
2000-07-26,-5.723060084571601,11.159831005760926,4.69027097624881,19.72914369300754
2000-07-27,-7.157459827193884,10.234508167112041,4.208484641436107,19.931761363870528
2000-07-28,-5.582176354421403,9.783865975576013,4.66554320607991,20.72359927661638
2000-07-29,-7.2726005281702975,10.264514052152238,5.036884457454973,19.319832680301936
2000-07-30,-6.400478079099027,11.715220481418832,5.231332573496132,19.406278528077845
2000-07-31,-5.98348114104554,12.988761328641695,2.5672964597652634,18.64408501476047
2000-08-01,-5.387638689358184,15.119308502877264,2.1686612093977944,19.974161368882807
2000-08-02,-4.82738686815232,14.15680442221045,2.376435709996568,21.358767739804943
2000-08-03,-5.271693010850333,14.683847535762585,3.6139597396445295,21.74038417501286
2000-08-04,-7.398644584365008,16.128700905136164,4.459164264909909,22.563821946844154
2000-08-05,-9.213164561775603,15.698880267064306,5.229462253370262,23.809294009606152
2000-08-06,-8.415326094278162,16.202275650138713,5.056626558989738,23.568058662954464
2000-08-07,-7.656265164857084,14.666708325123912,4.52799576764329,23.632361014118832
2000-08-08,-8.360639628990464,16.952550785264187,4.384697394729924,23.949234042125767
2000-08-09,-7.365711907276993,16.665610884379227,5.316459038844034,23.49084075790249
2000-08-10,-7.848392058151368,15.053625752101441,4.19865333255478,22.74584585471657
2000-08-11,-6.749732646496821,15.657836895735269,2.3800740158662554,23.951611763333048
2000-08-12,-5.370913806321046,14.843317868795733,3.632897173346395,21.386407446735888
2000-08-13,-4.463937003405794,13.81207302551391,3.7757500769723173,21.414221608651122
2000-08-14,-6.398148378696332,16.11763733226796,3.822591311156727,21.84360228542508
2000-08-15,-8.05832257746984,16.57356571564705,3.0838790747974376,21.585291626972158
2000-08-16,-8.09846774499169,16.47276381329883,3.5715045028671297,22.17783410003238
2000-08-17,-7.8881675199747825,17.90432480022411,3.6644839513891543,21.23240591627959
2000-08-18,-8.651647959788379,18.096545824422943,3.503995101109487,20.616212904090535
2000-08-19,-9.278590887749399,18.83929077479047,3.0889808832208545,19.58354639677177
2000-08-20,-8.925797466003564,20.646571106260133,3.031054612632474,19.384524833786745
2000-08-21,-9.117735327819643,21.078202592253824,3.460219724509937,19.16872284183722
2000-08-22,-9.370857326485858,21.24296534215815,3.7984799323515928,20.09559106274438
2000-08-23,-8.803550377557826,21.065253295336,3.7455500211317583,19.668225346433722
2000-08-24,-11.611182413560048,18.929142286147865,2.16395065610356,19.221500346111135
2000-08-25,-11.02326235101576,16.892432570070653,2.566235632048162,20.20961855318328
2000-08-26,-11.323168759837646,17.431760153180296,3.6194306335916213,19.245273810831737
2000-08-27,-9.476564959050245,15.516569863143562,3.8765935828885207,17.617662457953884
2000-08-28,-8.807004487553616,14.471295021485364,3.9719178512207236,18.331798109253697
2000-08-29,-9.766704041775323,14.503636487228741,3.777261514587796,18.031048824723964
2000-08-30,-9.217375935511393,12.322389627060703,6.45455012634295,18.86154743231432
2000-08-31,-11.413331122886033,12.078263590015176,7.539229469338201,20.2244081467388
2000-09-01,-11.467746166425808,13.922689074828499,7.123557853248893,19.72666701723222
2000-09-02,-11.466316127215954,14.896415329155394,7.508943057088434,18.57771724285591
2000-09-03,-11.539438013458886,13.599622938241987,7.226761628730752,19.3491657565475
2000-09-04,-11.627893122369116,12.265955674567975,7.359212386322507,18.835828877707712
2000-09-05,-13.028908033482255,10.366773033023938,7.700321416805039,19.096220079355312
2000-09-06,-12.803160772364569,9.85694921538792,8.411409997359604,19.42069305567124
2000-09-07,-12.204485809152864,11.553905196111316,8.033970878724503,18.31641132192426
2000-09-08,-11.03702246574303,11.149243305053776,8.457953496061114,17.5921298394903
2000-09-09,-10.863683164717255,11.774362431721602,7.756709384904209,18.422963932201256
2000-09-10,-10.233297447783698,11.316000809401073,9.06769041712028,17.073708999533658
2000-09-11,-10.141146725430309,11.374559151317303,6.861662975008946,18.068373053810788
2000-09-12,-9.64396299526478,11.309265964692218,7.453613293056506,18.916867813747622
2000-09-13,-9.407717165418221,11.930024727085696,7.281098146148015,17.083842542945305
2000-09-14,-10.924093889092676,10.402606184179923,5.82409194117225,17.594997860866613
2000-09-15,-9.175293283947676,8.48040329663856,6.225634495938271,16.475128644560094
2000-09-16,-7.99198611534085,8.163917414306836,2.6956500520505644,15.931426885561505
2000-09-17,-7.358781277616858,8.258837142570787,2.5584052562793795,17.059820487766885
2000-09-18,-7.332136520687262,8.303940154018209,0.82794432279062,17.134248161327864
2000-09-19,-6.375017217904994,6.474407826476681,2.17056800469658,16.57904712602649
2000-09-20,-5.770431333456198,6.3669715397553555,1.5053811041491132,16.63367014332371
2000-09-21,-7.1305905578499065,5.384741155021873,1.5997842979289336,17.04183281301014
2000-09-22,-8.06973447626655,4.891152489467298,1.5993358730477891,17.867375187348024
2000-09-23,-6.440500083230829,5.41613722585026,2.507771677328387,17.868239722996208
2000-09-24,-3.4175488510466416,6.4426710386174735,1.54941483886781,17.34285323004859
2000-09-25,-3.2859718799096957,8.40417351107986,2.173402044571322,17.3138398394774
2000-09-26,-4.9050216689627835,9.600403489684306,2.220368346572634,16.996771980031287
2000-09-27,-6.240205906656944,10.922295778903056,3.414171279583625,16.685236292701276
2000-09-28,-6.140638932884793,11.596262546345402,3.844813660368851,16.896742999977302
2000-09-29,-4.426348845395639,12.606643365094952,2.853471690411202,16.615699527724612
2000-09-30,-6.6180305522165135,11.25531362254569,2.0652572974280288,16.866808239985772
2000-10-01,-6.687654388754739,11.353448156943239,2.5797190982237455,16.565013049246488
2000-10-02,-5.945068840126131,11.434810566843709,2.0254738249448416,17.294569870037886
2000-10-03,-5.472471541274981,12.372713562022364,1.947020408223656,16.406703463137873
2000-10-04,-6.910048117226203,11.384929221980745,0.27560876712810334,16.76693013888632
2000-10-05,-7.14413380893494,11.666445379253119,1.8279715939437013,15.759695013588981
2000-10-06,-7.335733444892275,10.868663797272339,2.236472611732906,16.032893218876435
2000-10-07,-6.0672630171102755,9.751839283237919,3.1298390064421424,14.574838599664389
2000-10-08,-7.483645547857531,10.095543898399338,2.8079141708175124,14.145234564700274
2000-10-09,-7.0654364928214815,8.339172506943441,2.2950350554668493,13.876457410750376
2000-10-10,-4.825780778318546,8.595795264468077,3.622394428960118,14.781480014632345
2000-10-11,-5.412518814220661,9.11740109807086,4.312926291824056,14.917110548556764
2000-10-12,-2.6674138284631477,8.916326314212146,4.504728847462202,16.656068444020676
2000-10-13,-1.1954275733645117,10.035153335205539,4.522425574458886,16.793866692378018
2000-10-14,-0.6449193689078309,10.950251932976471,3.2529293175147895,16.50080768556392
2000-10-15,-1.1177531317243847,10.608604569133249,3.574083754756679,17.990889472377
2000-10-16,-1.0411710039666118,11.022421816181987,3.7619200847937906,17.960644400671008
2000-10-17,-2.0814964064997725,10.201699480970342,3.4833872846437575,17.238060623709288
2000-10-18,-1.0869968007469395,9.563942624607307,4.100291178264603,16.682394675169043
2000-10-19,-0.10898693510830915,10.504095696912321,3.2158180990197662,15.274406120624338
2000-10-20,-0.2792814647794,10.413121809211502,3.6092299140782225,15.445900808865698
2000-10-21,0.821765084636856,10.483332058022876,3.6498726129397676,16.709035124622517
2000-10-22,-0.9622849786789012,9.977547572145147,4.2575158072577715,16.398095163133043
2000-10-23,-0.9365477698680394,10.350182965768198,3.3794669570312994,16.77116226595313
2000-10-24,0.19441839312404097,10.593919554329473,4.372338429502687,17.11077698523513
2000-10-25,0.9012129599840749,10.29056057117629,4.045780742242762,18.127929076576965
2000-10-26,1.0845901079902291,9.62519177342723,3.9421527154845375,18.59574974240545
2000-10-27,2.376791881896351,8.488343233417421,3.5634227140508505,21.300268979235625
2000-10-28,1.66571425338523,9.4419870014952,3.8077317930396983,19.54556472514084
2000-10-29,1.165787761901596,10.641878838438798,2.499746984190734,18.501319690196
2000-10-30,1.4201651428774142,9.770974121438025,2.038889834161511,17.488668787586136
2000-10-31,0.2911192563321492,11.844454079416904,2.6137994336719683,17.29877499660121
2000-11-01,1.2832204384534283,13.010381851190564,3.2717629924302885,17.457000556727223
2000-11-02,-0.34432794365160624,11.281661035174494,3.75077293524076,16.72629688830454
2000-11-03,-1.3160701294489454,11.63697241621472,4.989406887383484,17.19046826566808
2000-11-04,-1.8633603392033171,10.378878413204687,5.49038505246956,17.761729794480146
2000-11-05,-2.91844669118558,11.346097259909701,5.609719721139641,17.43054450763838
2000-11-06,-3.774399606673783,9.758764985342342,6.514711855449244,18.158539542093376
2000-11-07,-3.62460442752387,11.88796118126239,6.351705476837367,18.890995193263564
2000-11-08,-3.7765295888056234,13.102215500005892,5.938045118060216,18.155653981359556
2000-11-09,-3.386586902072742,12.842559285075192,6.42338123890842,17.19911713639281
2000-11-10,-2.4006887216581037,12.473323207457074,6.9402870245214805,17.39220181997067
2000-11-11,-3.8632370334497104,11.002641279256007,8.20388985155186,17.88529727988333
2000-11-12,-3.637344882234782,11.401591716854794,7.657378308013226,17.3789462895365
2000-11-13,-4.660015310715515,11.648204038941468,8.694788114116017,18.65189157019479
2000-11-14,-5.138301364757998,12.01638599238046,8.372211024050767,18.150659198397737
2000-11-15,-3.3621423852120467,10.18458023111634,8.739946062513287,17.06682818871227
2000-11-16,-3.8076021080577487,10.039980765585952,9.084020768284391,17.173402901116336
2000-11-17,-3.9524404017905352,9.688015517419899,8.728230446202277,17.21938864571876
2000-11-18,-4.636030160099521,10.786947462252726,8.394562328699282,18.17872461824756
2000-11-19,-4.551326110164908,10.739539731753899,8.36668353893195,18.30395449124278
2000-11-20,-3.5097861748696246,9.952209680762122,9.689813393426027,19.112168253875044
2000-11-21,-2.690337110419634,8.385247558400591,10.823958015646921,17.16961858158292
2000-11-22,-4.276214183804989,8.971335069181633,9.703070109201148,17.461003258924656
2000-11-23,-5.256159271603773,10.418439351454436,10.073338427307952,17.95214511977884
2000-11-24,-3.9622829291386323,10.526700368341809,9.695932099667637,18.634912268521322
2000-11-25,-5.50421649359166,11.403596445013713,9.181495161653068,19.967051615854935
2000-11-26,-4.918394164263532,11.132419405231932,9.353486397450364,20.126509810630353
2000-11-27,-4.38185950230273,9.720486007257673,8.856875028768032,19.357508670430743
2000-11-28,-2.74169552521537,10.1423934577525,10.823717963161169,21.844062720945146
2000-11-29,-2.5041073079970504,11.344558596722168,10.288296027695855,21.545451263785157
2000-11-30,-2.856984974667461,11.370939370940933,9.462447089003104,22.1613583347326
2000-12-01,-1.366802837274432,12.624482042491362,10.825025769689606,21.564549284051626
2000-12-02,-1.9292450407318866,14.052933462462931,12.27321923051593,22.378895783374624
2000-12-03,-2.8121938877893617,14.11949769002581,11.631725913445731,22.052912408163525
2000-12-04,-3.5691474475076577,12.849985147721538,12.03820737547997,20.793483249642282
2000-12-05,-5.635134190286282,14.457650220261755,11.705729942451908,20.239227664828274
2000-12-06,-5.7026886130774255,15.082448637613025,11.256189435074045,18.8166025391442
2000-12-07,-7.091073119797619,16.295850968631928,12.992310027071131,18.426286858243724
2000-12-08,-4.565583719913736,17.116802390376368,12.542633059305988,18.9612806343514
2000-12-09,-4.936920865377052,16.628882138265336,12.532950947539772,17.74752894240805
2000-12-10,-3.677378525461828,18.077305554890707,13.071958242743186,17.43569595051341
2000-12-11,-4.032992889660838,17.29962291807779,13.036344200625921,17.44397577887139
2000-12-12,-4.023986873052613,17.858682007125445,11.077999832702371,16.796679769634704
2000-12-13,-2.634850048562985,16.623535127411685,11.488561242038063,15.74104766552569
2000-12-14,-2.8198211842653427,16.702235942537254,13.137692021769249,16.338158393271762
2000-12-15,-3.986712809579201,16.085151155078325,12.60247079480942,16.760213109753227
2000-12-16,-4.182531009390675,16.49177887628262,13.721668292848094,16.44577925172574
2000-12-17,-4.213852341947169,18.003741778813627,9.8408669849143,17.310952031640934
2000-12-18,-5.586612822341882,16.658496168301753,10.785851871392403,16.922287628553427
2000-12-19,-4.851978763094048,16.6122063293998,9.674726603153506,18.109166345485434
2000-12-20,-5.4213459276466,15.508666507029972,10.282263705230982,15.989282080927204
2000-12-21,-6.40460112633227,15.141519469668223,11.343398612577104,15.261854934957455
2000-12-22,-5.132046603298489,16.789452661947998,13.082063062308636,16.881738793924484
2000-12-23,-4.99106028958195,18.427335384274507,12.262039814430237,18.334745094100505
2000-12-24,-5.6731192376572706,17.905440371766485,10.09406749870131,18.6671182199336
2000-12-25,-5.076729450910772,16.331223337548717,8.648594768631678,18.942402201529802
2000-12-26,-7.987421287981526,15.541261153841281,7.655299600765171,18.504479127294708
2000-12-27,-8.016949871692225,16.07789474951402,7.923143864493885,17.69724998219637
2000-12-28,-8.144892115876461,15.811028413809066,8.264222160640939,16.528154588595868
2000-12-29,-8.60460438083165,15.296871834196166,7.780444095306709,15.394436958738666
2000-12-30,-8.410940942282986,13.797815068342244,7.900963930221017,16.5853578585471
2000-12-31,-8.37747446582241,13.182692209622378,7.97401265970891,17.545403663489985
2001-01-01,-9.032469783725656,12.827074825972408,10.062756669626182,17.277958386541545
2001-01-02,-10.054843555088285,14.014245454331242,10.29361949209355,17.117527735879268
2001-01-03,-11.095781094124035,13.282547071598392,11.419857095208249,17.205152138020896
2001-01-04,-9.379982091643079,13.626747553042172,11.521082225927723,17.554166420924055
2001-01-05,-9.531295552594122,13.015493150707252,14.117172047209662,17.117768397803648
2001-01-06,-9.565945576749368,13.560506746034111,14.40361979752036,15.857964235707728
2001-01-07,-9.356988130371546,14.234694685203273,13.493055218747205,15.632942999897049
2001-01-08,-8.627683999963487,12.61736467746413,12.423277203762314,15.561306911224206
2001-01-09,-8.910515908560404,11.684341980742039,13.880065826058015,15.444747660803289
2001-01-10,-7.757696748321285,10.690605929939071,14.05364211175895,12.254798038852902
2001-01-11,-8.072192426728233,10.97410024828937,14.109426661824466,12.014238189020157
2001-01-12,-7.185736008164604,11.454936488686517,12.66954306394311,12.102763058623577
2001-01-13,-8.805877936273223,11.074634123589751,11.254455408553726,11.694127564992716
2001-01-14,-7.4278864656062815,10.537615675431054,12.437930271877905,11.916036560224025
2001-01-15,-6.337546757516206,10.05476686373205,12.707264362806733,12.68699471335444
2001-01-16,-7.7392465246710245,9.807881979316097,13.4512536181515,12.837655861220238
2001-01-17,-9.029864649967386,9.916122259498549,14.400316227166226,12.877369359822522
2001-01-18,-9.54699250360689,9.474410031977907,13.186813027781671,11.467153047324187
2001-01-19,-9.87067433050326,8.850414678067036,12.470343272384847,12.224648146591733
2001-01-20,-9.285321325145357,8.459850459687885,11.713912968963191,11.730383793565219
2001-01-21,-7.373443049960146,8.385867486022189,12.398021396799278,12.03187400909531
2001-01-22,-7.724148935820779,9.185936048527749,12.185878158970949,12.321652383078993
2001-01-23,-6.425031276113579,10.276096237535775,12.352446897053856,13.440528890651716
2001-01-24,-4.683553808493575,9.962059434893714,13.744358858413545,14.670101480384997
2001-01-25,-3.9432393442681337,10.108266743953264,14.522353255792313,14.62682533165671
2001-01-26,-2.4274702990947015,10.328205569939293,16.397612052500648,13.824509552564999
2001-01-27,-1.7211385807053516,9.537811561646217,15.763732753693292,14.387652060675176
2001-01-28,-2.6393874367766683,9.854110117733468,14.615645553192298,14.218471441139984
2001-01-29,-5.0816946659767375,8.644852014541659,14.159651012676576,14.485650229512977
2001-01-30,-6.323409378815338,10.21124954196151,13.533420148225492,15.64730743446325
2001-01-31,-8.086273873500673,10.2726209450521,12.983189240044556,16.560972609955993
2001-02-01,-8.632969174905712,8.454401102233355,13.76588545491379,17.73763059385171
2001-02-02,-7.220931206399749,8.476125723909597,14.398772581956111,18.302440129547694
2001-02-03,-5.3019359280228855,6.978851009258801,14.69959629542912,19.970551922132607
2001-02-04,-5.73090753392612,6.601069681189517,15.110435556931327,20.722558214548343
2001-02-05,-5.550219438345561,5.6585477383311975,15.735915404699837,19.64295663999635
2001-02-06,-6.445351790485826,5.180878938929325,16.425523475102864,19.5294665276208
2001-02-07,-7.109829799476153,3.8622557611420207,15.360998944525045,20.5166417722492
2001-02-08,-6.586380732423857,6.066250043308408,13.759138289587899,19.573810443717196
2001-02-09,-6.14406212686252,6.310031496021168,13.097328839222676,19.292058131019807
2001-02-10,-5.943244719280225,7.146108947963907,13.204666083274187,18.34612598952799
2001-02-11,-5.372295724897242,6.720342179342598,13.012836423578388,19.254758025397432
2001-02-12,-6.831752087200464,6.494022716882461,12.567514024601655,19.8038854807789
2001-02-13,-5.299351162545475,7.4793272753645645,11.057949304873784,17.812258153766866
2001-02-14,-3.68034340020672,7.068584414901066,9.35066480862483,18.558635847009516
2001-02-15,-3.3911529565664065,7.8390783057501965,9.07550734185294,18.05771028184453
2001-02-16,-4.185235421952705,6.2226375452331535,8.628036870028595,20.071683963370063
2001-02-17,-5.631367778208516,5.396173723962938,8.975870255058421,20.888094975450606
2001-02-18,-5.736208101777825,3.8075836534340644,9.31762625477849,20.664259256458667
2001-02-19,-6.385112631328618,4.205967584114854,8.712283103160178,20.374487170873927
2001-02-20,-5.654492477278674,3.4070252620849235,9.397878273335047,19.633309287118017
2001-02-21,-7.296853690301704,3.5578788752652493,9.896871135359696,19.787597027940354
2001-02-22,-8.455158876248191,2.7172402058809304,9.35002387892865,20.198472226214935
2001-02-23,-9.25525668395901,2.2680481900565286,8.331427693370921,19.590306001485644
2001-02-24,-10.123333920874714,1.6054726704909164,8.567092329098301,18.427851365518357
2001-02-25,-11.752363295010202,2.2050901051841705,8.406218438892477,17.56649891030288
2001-02-26,-12.383353681458976,2.4078056125052467,7.115172984236837,16.77740253762682
2001-02-27,-12.902779863761639,2.365852024142225,8.960679512613748,18.822635303288717
2001-02-28,-13.059581824412005,2.9074883003159155,9.29451017537331,18.37887008004536
2001-03-01,-12.893126542201129,3.0834860052321282,11.037888486824281,16.858603829856325
2001-03-02,-13.479854302742662,3.1457068919280444,11.145504247713772,16.717626544073795
2001-03-03,-13.245871646521373,3.8206222490808446,12.46442748324064,16.707514041657827
2001-03-04,-13.520090116371712,3.7476876675447115,12.644047938725889,18.06595548875442
2001-03-05,-12.790160794160304,2.945298389941995,12.909862891185838,18.12515005277124
2001-03-06,-13.940791203917946,2.2832605964991446,13.322946446317797,18.17658855753285
2001-03-07,-14.60038350085612,3.239718739784331,13.671087676693977,19.849800674343477
2001-03-08,-15.210830227582624,3.6333901457576645,13.764736877582207,19.10951187954964
2001-03-09,-14.86125763114877,3.5089652490847394,13.00294853567302,19.251489341231846
2001-03-10,-14.384770300470857,4.981052660327155,14.160738831171722,19.2463238574548
2001-03-11,-14.077132216138168,4.897715362638507,13.25270406479075,20.35374355574668
2001-03-12,-14.5899576281324,3.920704222078,13.609453736292727,20.586668408171086
2001-03-13,-14.291549513415395,3.9057071173284754,14.324489527271199,22.666705056585727
2001-03-14,-15.063347725235943,4.655428417813103,13.499725395819338,22.631633278200127
2001-03-15,-14.8422817547898,3.1790745739609396,11.642939985209628,22.85925868365889
2001-03-16,-15.293387671934495,4.016564890497397,9.534017606572213,22.877734550321403
2001-03-17,-13.12124092717861,4.161283202052407,9.354817766322425,20.457124909338596
2001-03-18,-11.302556079218464,3.4065854798675774,7.2470408327042435,20.443597733633084
2001-03-19,-12.551166760971835,4.338364068446034,7.0415354990022365,21.866731062694292
2001-03-20,-12.045589453867798,5.160639203070884,5.48804831421478,19.766133357449807
2001-03-21,-10.406537544416492,4.541237665326321,5.247067676234757,19.791059882585348
2001-03-22,-10.436817915361402,5.4006815173730764,5.354236939894517,19.618842797204973
2001-03-23,-8.802432170703309,6.190621114357453,3.418744865065077,19.92142174764162
2001-03-24,-8.985948169156416,4.576631894170275,2.25128300217294,18.53012301889191
2001-03-25,-9.627126129538055,4.4136211138339885,1.0763903993016548,17.613826504900807
2001-03-26,-9.21556642580151,4.461306489909944,2.2216465086580848,18.66503035600593
2001-03-27,-8.841066328204638,4.111877832599108,3.340548863991849,19.216023962054276
2001-03-28,-9.668429941540532,4.618858635737221,2.565911264749153,22.965384142079834
2001-03-29,-8.340017470004454,4.477051132517281,3.48068773735975,23.610281376045005
2001-03-30,-7.236632861816511,5.569112430744415,4.255656370215078,22.03805551161671
2001-03-31,-7.167202408979533,6.46112000501032,3.88359316054509,21.058539997540176
2001-04-01,-6.453875357125431,7.424505283305621,3.0762237901350677,20.23272333020104
2001-04-02,-4.743267161926946,7.2022087134010135,1.3623404403406867,19.930369683018537
2001-04-03,-6.632275924921878,7.971963028686338,1.4877613506960716,21.194316902924356
2001-04-04,-6.058455352688991,5.400932033110424,1.680857795369449,21.910680422834105
2001-04-05,-4.708025445424964,5.525012798360315,0.6573381401203129,21.05209185460486
2001-04-06,-3.366459676918228,2.5708627806552977,0.4343424860809831,20.399393534545755
2001-04-07,-3.978204225899038,2.9670562432046217,0.6290131281502267,20.065076557062913
2001-04-08,-3.9393028762750606,5.897218420415368,0.6729245246763891,21.963574366008544
2001-04-09,-3.5619625621728725,6.527897048245447,1.554463726609257,22.358114420291503
2001-04-10,-2.5937221147148413,6.904591094104092,0.9279160666827653,21.56738772421836
2001-04-11,-2.6237265461093044,6.466217481492823,3.238710572008389,21.30807558704367
2001-04-12,-4.434343080030441,7.985809839520638,3.330663373685411,21.17074410319913
2001-04-13,-4.803803875902262,8.055520852429277,2.728989495562761,20.39390813832442
2001-04-14,-3.4422059804120493,7.861703328469799,3.730364804358639,20.340246955408904
2001-04-15,-3.778507279450746,7.047900598800192,4.538326803480006,21.07237945893573
2001-04-16,-5.1316261278608195,7.940526061918395,5.275915551092231,21.220142941383486
2001-04-17,-3.4292691862141935,8.101009451026044,6.205455072806642,20.12548023139386
2001-04-18,-2.4379992455080832,8.467518510369763,6.318855350718069,18.162614104273022
2001-04-19,-1.682668908533246,8.692402484590636,5.4455996289449615,17.156972042087464
2001-04-20,-2.6048841143418695,9.595853885990765,4.536890153985796,16.871200152424883
2001-04-21,-3.273827770675796,7.917350005916342,5.512159203024615,17.67368330248869
2001-04-22,-4.0236445470716315,6.450428009595753,6.971247313885273,17.061284945146834
2001-04-23,-3.5259132930276067,5.377050284679818,5.048497100745482,16.70519828981217
2001-04-24,-0.8215907080450444,4.686315604699468,6.130288349537751,16.224406690651826
2001-04-25,-0.8360011589536822,5.153974959232498,5.699296958618697,17.832658721590512
2001-04-26,0.2556629875747176,7.312082298855465,5.889854294513184,18.277388487178676
2001-04-27,-1.8192931128472916,7.680067216173191,5.542811514493064,18.959351406431402
2001-04-28,-1.44245327183503,6.617938636764009,4.984940254470397,19.44095812713346
2001-04-29,-1.0385597729366887,9.150512981378943,4.68801484506186,20.062571989497926
2001-04-30,-1.1468053267779832,7.566083913248943,4.312222861537017,21.432424555387232
2001-05-01,-1.8952720020832947,7.231762713567502,4.693636028041993,22.39998510625314
2001-05-02,-1.8903537770132834,7.142275164189364,1.9273722122679557,23.764194895860737
2001-05-03,-1.904589109399198,6.792051008557911,1.7699131070005545,24.919045840076546
2001-05-04,-1.459054453892123,4.817213421108527,2.8805199055403525,26.015392350922312
2001-05-05,0.30546440124957797,4.323278945921131,2.2835325277844323,26.753592296252396
2001-05-06,-0.6209004647161391,5.3696860600443514,2.4710978984683867,27.09687045456229
2001-05-07,0.12689319289581524,5.609996173880634,2.553306610748525,27.52469946476265
2001-05-08,-0.20281169947785738,6.5402884130778345,1.4138838366998445,26.561876357704914
2001-05-09,-0.2409983823018469,6.207623882263224,1.1659354435036984,25.726492016151596
2001-05-10,-1.4134571785623529,6.1322801977843096,2.159135214549411,25.792188685637885
2001-05-11,-2.461202031083557,6.51101108879571,2.3182978347629546,24.1335203262918
2001-05-12,-2.112296585989893,6.959018349624443,2.9158037638605707,24.882243184083574
2001-05-13,-3.326353623314854,9.560453259949739,3.083631415062708,23.68289618760789
2001-05-14,-2.9662922545755697,9.874920651073795,2.252986536508903,23.56606468373261
2001-05-15,-2.912991760137423,8.507024454229988,2.115799084560317,25.628954427427253
2001-05-16,-2.576468333853124,8.899899477713465,1.0410190691655243,25.243146481524327
2001-05-17,-2.0326333542118795,7.020654386430115,1.448250861674532,27.390796205412435
2001-05-18,-0.6017851970107824,5.870130691624592,1.073101342902969,25.9720309770426
2001-05-19,-1.042605403662273,6.223427355718308,1.1869341400755185,24.634974296343955
2001-05-20,0.0037227226316469686,6.796479622643471,2.2939799898347317,25.769565259114536
2001-05-21,0.14522252651865297,8.05659567821651,1.6013665156039967,25.521882350554726
2001-05-22,1.6961674585950517,9.212897315105668,2.094908115208572,25.533548252860623
2001-05-23,2.166991090265674,8.052990426086222,3.5622064077815794,26.78803312861228
2001-05-24,3.864025260877609,7.17845236549334,4.433768054317748,26.158368986873686
2001-05-25,3.504700563006683,6.93830070398455,3.994752165234586,26.600413262964288
2001-05-26,6.045478465605175,6.108048798670408,3.8812193016062726,27.942346165173984
2001-05-27,5.790006562430076,4.385733455799816,1.1278638152483782,29.389597691560052
2001-05-28,6.678087093020352,2.9452513791479618,2.2715036212228696,30.114614899725694
2001-05-29,5.847111547508201,3.365921876238503,0.7677564627304496,31.518705561733697
2001-05-30,4.889992873602049,3.014239810256397,0.6689149236525173,31.331816661612777
2001-05-31,5.073961885814661,4.032315527766663,0.7351668841596883,30.68705814581918
2001-06-01,5.258498798709596,5.045234052163866,0.4635497356374848,31.100648023686887
2001-06-02,5.967958145685472,4.588801091833431,-0.8369443883660678,30.682586216274764
2001-06-03,6.438555923119532,3.037240296328413,-1.8114798159920298,31.253814847310714
2001-06-04,6.275133267208304,1.723616183311578,-1.9310018771114563,31.009105042889395
2001-06-05,6.488999113083196,2.5354608579479954,-4.090233113904138,28.952257441740088
2001-06-06,5.763805063003774,3.460308909860699,-2.195700538593448,29.33619187987362
2001-06-07,5.600657069982145,3.3926891055470794,-0.9235492507710312,30.504623781527833
2001-06-08,5.6431840754091445,2.2647535767668723,-2.440395374657172,29.958119750686784
2001-06-09,6.218553783003022,1.7181647412786947,-1.6372959636814217,29.752965349526164
2001-06-10,6.6663740143184675,1.3824340291177675,-1.7555122625493762,28.839594459395407
2001-06-11,6.320961367906787,2.230472474092862,-2.6444548440342532,29.072553310490623
2001-06-12,5.6327436941616025,1.7292288318997775,-1.3704888147569356,29.609947000377563
2001-06-13,5.031943085987749,1.5986366876009783,-0.8117289274518199,28.324922957244134
2001-06-14,5.969906744469871,3.6713166957789536,-2.2166398454281833,29.000419088742163
2001-06-15,6.113048960234406,2.5948234737549187,-3.000367079390549,29.57497485387432
2001-06-16,7.409972324628077,2.7929233591056954,-3.032179952427537,29.66457482158056
2001-06-17,7.8429349531591095,1.8923273477002303,-1.305046055358493,30.84178848284821
2001-06-18,7.8608677274826295,2.0563848754934626,-1.80112686868761,32.73556260785206
2001-06-19,6.824535238331955,1.6285501454388136,-1.0969821347726347,31.738351291168748
2001-06-20,5.334140653901191,1.7293651559667298,-1.176036081540914,32.03493699037397
2001-06-21,5.885254230363371,1.3890038668182523,-0.748392079147737,31.47685402610125
2001-06-22,4.3165651043199285,0.02879282424318408,-0.13248803856546143,33.053606744484554
2001-06-23,3.191539831544211,0.29850785143932035,0.8875694126223446,33.158154998395084
2001-06-24,2.6237181024754954,-0.7938795666832735,1.577978835428873,35.437330499001504
2001-06-25,3.486793433118966,-1.0568362075436561,3.360355764881753,35.952379210204896
2001-06-26,5.041325674276332,-1.8661864792842695,2.7451993177741736,35.96766724463452
2001-06-27,5.329909153517563,-2.5736140774005616,4.037559067809647,37.46152292471128
2001-06-28,5.127628043240895,-3.4272831537327524,3.830356442422178,37.42507054662363
2001-06-29,5.906334915698687,-2.865515214799729,3.884673534971461,36.915366392544215
2001-06-30,5.855563958617529,-2.701387687528018,4.28160577714105,36.53188242518369
2001-07-01,4.830594969496634,-3.7720081462119484,5.571666390897501,36.477424174209126
2001-07-02,3.360552098258081,-5.857597746151393,7.33247710199729,36.393308761611685
2001-07-03,3.5850359058740295,-5.154939840152689,6.260610633792114,34.89898755854341
2001-07-04,2.2307556173935623,-4.452957984832728,5.274443293305494,33.887363817692446
2001-07-05,2.8087945349641927,-4.368077207085499,5.930865082353774,35.69298998132832
2001-07-06,4.1569650120090715,-3.5400920426459312,4.817498064343608,36.03339416675652
2001-07-07,4.218376809231776,-3.214767620458874,4.119773877817405,34.79578423580639
2001-07-08,3.833561926745421,-3.697154151417992,2.5184742754674057,35.07878822140394
2001-07-09,3.8225717855962227,-3.789567330872596,1.9935819205663186,35.44740321116196
2001-07-10,3.343626681238673,-4.321720113014485,1.7522986359927624,34.99985418670085
2001-07-11,3.3004951380304415,-4.635161638800469,0.5569194804463649,35.58264613209647
2001-07-12,3.1767405692225554,-5.145782272355102,0.5019528587702605,35.41593846608499
2001-07-13,2.64718219939748,-5.536047345441096,2.307201645643663,35.72058037699911
2001-07-14,2.828563643658203,-4.950678766769141,1.0884508313934225,34.890049228636556
2001-07-15,3.874430193376822,-4.3538112487658545,0.07174447239677328,35.511163730305626
2001-07-16,2.5072521037911573,-4.1962502646591595,-1.1870953387855379,35.563461230666405
2001-07-17,2.5796029206451023,-4.509594483029405,-2.5136059683032945,36.22661323820204
2001-07-18,0.7835825415345279,-4.184291055342449,-2.734217766392358,37.219557676005785
2001-07-19,0.4947799206000337,-4.833918798249932,-4.337381124492914,37.160905597068016
2001-07-20,0.8542283202918727,-4.938500364089609,-4.563527566378709,37.007322429147855
2001-07-21,-0.5441671860837464,-5.661566899942132,-5.938118545479627,36.666275202504295
2001-07-22,0.43388923050087347,-5.772826067464446,-4.928252637231472,36.08037691027744
2001-07-23,1.1437524865841735,-5.944465540633338,-5.671281413139241,34.844527113859776
2001-07-24,0.5392559250938013,-4.913918227608566,-5.825999658112084,34.88740498241568
2001-07-25,1.0259109434714648,-5.155449168387415,-6.135595258140303,35.45801627103624
2001-07-26,1.642503070601602,-3.812129467409452,-5.72930613625192,35.1041579094002
2001-07-27,1.4694710816977374,-4.279175164148732,-5.622388595399432,34.63976171353894
2001-07-28,0.7672738941848393,-3.610812563871262,-4.553180424623813,35.71998567974721
2001-07-29,-0.6938078662153865,-4.7370552313249465,-5.604839217593809,35.56647561236319
2001-07-30,-3.2718306172824794,-3.752406039522067,-6.182011066311555,38.4893873952539
2001-07-31,-1.9038338259326661,-4.274617916217948,-5.263158368582458,39.057695723483725
2001-08-01,-0.21427957897191763,-4.233643211397733,-4.394835312825082,40.96985822663622
2001-08-02,0.7836202993232597,-3.535031042311933,-4.1076280466371475,40.175156538736076
2001-08-03,1.709738063878515,-3.237364423141208,-4.083698102565595,40.38650080710712
2001-08-04,1.4077470904095941,-4.392953348382559,-4.714138675921843,41.60153102604632
2001-08-05,0.20940379468687853,-3.0247858098391616,-5.001765680545253,41.70922352356899
2001-08-06,-0.24334215509522333,-3.1602808895773173,-5.401359439972237,43.20101887906001
2001-08-07,-0.8068349383301918,-3.5869088658426036,-5.289383545694814,42.27460428917374
2001-08-08,-0.7218347580329676,-1.7351058560876333,-5.00436409657455,41.69873646391205
2001-08-09,-1.0688099727898606,-0.12082353075740349,-5.323358793406458,41.55260587001823
2001-08-10,-0.10088404679658036,2.0443409938812036,-6.840239637440023,39.27275163236843
2001-08-11,0.3560025031886471,1.3827394390033179,-5.589556446731017,38.15691543934432
2001-08-12,-0.03730481060615215,1.2857239813043169,-7.674749934027469,37.44391934356676
2001-08-13,-0.3783605855776905,0.8372253830320464,-9.385072541704167,35.484483880774135
2001-08-14,0.6111861492953754,2.581968221244001,-9.614137705277294,34.03725291987616
2001-08-15,0.4667595090915871,1.0999896948099759,-9.501886761700531,33.901467565878924
2001-08-16,-0.2237260462914264,2.876323395665561,-9.98130609209268,32.81532908696823
2001-08-17,-0.045652340782035034,1.2359201598165637,-10.707145382816414,31.12543531085359
2001-08-18,-1.8203089204672682,2.7572953245340517,-12.875304561610813,31.437733873963964
2001-08-19,-0.9536489813698562,2.400264435274086,-13.071641321887757,32.23817968833968
2001-08-20,-0.68248155401694,1.8349566142028502,-12.038216282105846,31.64864606376632
2001-08-21,-1.1796817339488253,2.815866450492748,-12.15614013425982,31.04690819597093
2001-08-22,-1.9839292331785026,3.974145573587864,-11.729427994315964,31.635577730051526
2001-08-23,-0.7483199406384533,5.130343826936799,-12.01033629776418,32.42413422461765
2001-08-24,-0.7135213623842468,3.620207529907277,-11.099946743865498,32.929654189411686
2001-08-25,-1.1593089102286271,5.149559598981629,-11.773473452731826,31.253216107730513
2001-08-26,-1.4875951776389387,6.170074125237287,-10.287077571442907,32.590542307284984
2001-08-27,-0.01783846686047541,6.229334954473604,-12.084350005409917,33.173056758846975
2001-08-28,-0.049204312524233795,5.587221966357132,-14.011361725577775,34.21151497326654
2001-08-29,-0.17950166378491214,4.918885809331675,-14.803643229918418,32.35138978746814
2001-08-30,-0.4016273860852013,4.353178158217617,-15.055218630817414,33.53000725326735
2001-08-31,-1.0138607749760618,4.506678220398522,-14.704822954808122,33.87547491025227
2001-09-01,-2.0016236369828704,4.616075174486875,-13.825859892004633,36.073255072039636
2001-09-02,-2.511585800877342,4.476226038329939,-15.24215134251131,35.85187216908229
2001-09-03,-3.2714197344025817,3.8419030733834743,-15.513498859706722,35.02151655898507
2001-09-04,-2.9362559150420444,4.168814970707767,-14.408994431657545,34.86049719070012
2001-09-05,-3.9544582889403204,2.6332500572240667,-13.24155062680423,32.689240111611454
2001-09-06,-4.800428382411995,1.8452547063589082,-11.252969956666032,32.584081633362736
2001-09-07,-3.629554728506066,0.8228968125734419,-11.713632858680796,32.816712540018855
2001-09-08,-2.4463817171484017,0.05387477189807155,-12.316275311673442,32.570761192149135
2001-09-09,-2.344193193324874,-0.8537737096332831,-11.774256973912559,35.04095944645259
2001-09-10,-2.5004690782834658,0.9087975321254114,-11.620671302133035,35.60366960234705
2001-09-11,-3.053826198709176,0.24725350251689682,-12.371743885091798,36.39493709267693
2001-09-12,-2.7687763511049837,0.8632539700961672,-12.816156047009382,35.137437295213466
2001-09-13,-3.344092239322951,0.5060860471418267,-11.658289951788632,35.434648151268725
2001-09-14,-2.685668888217384,0.401032107573142,-11.024306636504125,35.495287084881326
2001-09-15,-2.566504892422952,-2.4772538437406375,-10.401307001813915,36.26116667060105
2001-09-16,-2.3051712219962854,-0.5157578794415789,-9.049417924826756,35.99212857142049
2001-09-17,-3.6072231737019687,0.12984724267712888,-10.210453156291505,35.37872721034561
2001-09-18,-3.758499703411852,0.9839235222515811,-10.273823661045501,38.070474865182454
2001-09-19,-5.274228041960966,0.7371287549849755,-10.472666722094301,38.280283639879706
2001-09-20,-5.221608715036876,2.523808511906466,-11.817152801985381,37.72405351926277
2001-09-21,-5.6059771510041285,2.6042046832342667,-10.97287010816135,36.32540405776174
2001-09-22,-5.549677379277478,1.0949363143544675,-12.855483233852459,36.75352614838619
2001-09-23,-7.008206954386777,0.9162946766456206,-12.069794421516647,35.879349628078195
2001-09-24,-8.850729331726118,0.8512250653600877,-12.178113615978225,35.50958068517076
2001-09-25,-8.098671825803905,0.802399199459555,-12.718165624623596,35.64742722100591
2001-09-26,-8.906569231307207,0.3904795705937238,-11.495527537788146,36.012509118520974
2001-09-27,-9.576336978382708,-1.3126944591531948,-11.296393979310908,36.640423765087
2001-09-28,-10.896207883231169,-2.800332713574886,-12.08467670007494,36.98181728294761
2001-09-29,-11.317587512579571,-2.527889284322202,-10.245665098964661,37.24575544260096
2001-09-30,-12.082069604872148,-3.076734043161784,-10.196149172499451,36.4035823370326
2001-10-01,-12.53369651229286,-2.1265723263232372,-9.20978313814888,39.03473056844821
2001-10-02,-11.948631869597632,-3.2550237159371265,-8.268255211428507,38.461063615004086
2001-10-03,-13.172285935136175,-2.1702935424305756,-8.01428574597516,37.7638010961695
2001-10-04,-15.116447139647274,-2.265071934129976,-8.151068950747373,36.28938632186121
2001-10-05,-16.994127120620565,-3.3329289688226207,-8.429599900006092,36.643407161222406
2001-10-06,-16.636168038409743,-3.1912216453393603,-7.886184952347416,35.648183829104816
2001-10-07,-17.101213594814233,-2.5251928651362077,-6.759202141279446,37.4046610519067
2001-10-08,-15.668294050258519,-1.448256799338456,-6.719858722514926,37.926087304035434
2001-10-09,-16.56696872417813,-0.28435007490381436,-5.701364328332075,38.01181081325412
2001-10-10,-17.32818068933392,1.8570420891004045,-4.783919846621776,36.60098618806653
2001-10-11,-17.409430788778458,0.03401960667045367,-6.102005182230828,36.83088497766726
2001-10-12,-15.217169249737935,0.29744117331604775,-4.572722068247688,35.807321978261804
2001-10-13,-15.540973237237946,-0.630227091524564,-3.0891621255499535,37.03920726557499
2001-10-14,-15.2858236548071,-0.332551567707993,-4.205551406813973,35.721555036212635
2001-10-15,-16.95409292187178,-2.01247793144705,-3.2392542567488603,35.46989951078822
2001-10-16,-19.10781534545912,-1.8308174332284495,-2.825658988045299,35.74917505705036
2001-10-17,-20.247834668472418,-0.9018940647823064,-2.8382848563936895,35.6805184751819
2001-10-18,-20.632525834171307,-0.4456720867031575,-2.864016436935081,34.27948127613723
2001-10-19,-19.46628350372177,0.004592008607329223,-3.902706770183446,32.618411701723936
2001-10-20,-18.4585579986638,1.0285621593484882,-1.443242345402763,30.972029157681177
2001-10-21,-18.985997223407008,1.6094651335865076,-1.5966057847021127,31.007193420242714
2001-10-22,-18.791257593312363,1.1666633655512928,-0.9163286619903086,31.581486641286194
2001-10-23,-19.039127550935014,0.8607690608814054,1.1816562811821008,32.35800909450204
2001-10-24,-18.306103445524357,0.4114674971536263,1.3226540654922452,32.81935266267635
2001-10-25,-18.22493509767322,0.6667200623874373,0.8025177382866685,33.4066016475241
2001-10-26,-18.78296451023776,0.7043663818773077,-0.05145878235555745,34.15608408868668
2001-10-27,-19.92732252859253,-0.3860320631863069,0.9451857408554307,34.328819828112984
2001-10-28,-18.26428251437101,0.9208834137293406,0.5228385600498315,33.02330279520862
2001-10-29,-16.579293499667052,2.0108223778915764,-1.0827683041285874,32.63991914436094
2001-10-30,-17.74756168706171,-0.0388452062648037,-1.1933635462530565,30.985033438703148
2001-10-31,-16.749562056449474,0.5130589107905138,-1.594994078866356,32.346598434918484
2001-11-01,-16.314735174026744,0.7951330447079821,-0.6685510993160183,31.933355001305227
2001-11-02,-16.407291887410373,0.9250557166689723,-0.28212515293243623,33.45935117121911
2001-11-03,-17.370988428244676,0.17951334065847113,0.718044841451762,34.53596694266978
2001-11-04,-15.331910300563212,-1.3863448344349552,-1.2898304419294822,33.42648026893919
2001-11-05,-15.286188984382395,0.7726533938333016,-0.8087845699247618,34.326126800047206
2001-11-06,-16.518724497541264,0.5460850197620132,-0.640670757034858,33.287983581586474
2001-11-07,-15.30212835463557,1.1594212016049568,-0.1435566387132861,33.99501251202126
2001-11-08,-16.086414491700168,1.4720317504216642,1.9406452303022026,34.561060361986236
2001-11-09,-16.15105530840851,1.3506445605940591,3.6401652460693645,34.83389396995752
2001-11-10,-15.907130724107269,0.09072049723845721,4.196054549151019,34.80087673648744
2001-11-11,-15.841779111514452,-1.2844899167738644,5.608866750573586,34.024879459831325
2001-11-12,-15.66603123979714,-2.508975863864613,6.783338598936499,33.08804564127961
2001-11-13,-14.872035655787633,-2.397204222396657,6.537221437607093,33.32216047640342
2001-11-14,-15.216323414515916,-1.4869313218442586,7.351713255047518,33.20940008956973
2001-11-15,-15.096927229253831,-0.15042261542331148,6.2670496325036655,34.35054434050819
2001-11-16,-15.266734613266268,-0.5711516397684586,4.426292496279489,35.75100976356904
2001-11-17,-15.685252698096718,-1.1229702799333863,3.5928304892207104,36.407001638438814
2001-11-18,-15.60958067386465,-0.41916882899231156,3.33673890440524,36.968047311931464
2001-11-19,-15.637838110970495,-1.3883099321907353,3.3047947007082725,37.39725565317304
2001-11-20,-15.807480295051551,-2.5088412795231623,3.337180126052487,36.56056276364487
2001-11-21,-17.489415759410907,-3.708997390441515,2.7671076058192994,35.657407811599356
2001-11-22,-18.155273037947552,-1.4251628311919862,2.2828723383942804,35.91899770073477
2001-11-23,-17.875724364825924,-3.174661529434944,2.3004210802733427,37.59586269660345
2001-11-24,-16.030925854398784,-2.9553847705808733,4.262214750737039,37.53973405657495
2001-11-25,-14.285451155235423,-2.0809002939312853,3.324863093269878,37.89780308403996
2001-11-26,-15.160448033834719,-3.358227422828781,2.556612193675744,37.00274786986877
2001-11-27,-16.731102624319178,-1.8666992332103,2.8942026476464835,35.196852889653705
2001-11-28,-15.287575289730125,-0.9237215959152731,3.176623709207519,34.1917127172063
2001-11-29,-14.539556782579293,-1.688608150012412,4.460277928241057,33.29291161699831
2001-11-30,-13.819076359966244,-2.19362672020881,3.844779455182148,34.077717061120595
2001-12-01,-13.594258867778557,-0.6530866980899417,4.928469504120171,34.9163185405991
2001-12-02,-13.63270073965379,0.13623191607419505,5.178814089081684,36.46845564534192
2001-12-03,-13.158328678226155,1.2624952888212384,5.365637849651595,36.739234001616964
2001-12-04,-13.241389422231967,1.8446201418395414,3.337714138978129,37.110360206485
2001-12-05,-12.797825692736039,1.9986973535673214,3.4122546680320403,36.866684829523514
2001-12-06,-13.012089271920937,1.5102560293964444,4.530168412788964,36.68145344049303
2001-12-07,-12.697586162115075,2.268866981713824,2.857289695401303,36.82086643468012
2001-12-08,-11.858102712417265,3.127289295633903,3.5590174088999667,36.863364319730856
2001-12-09,-10.253086977166262,4.046880311224594,3.788862470988417,37.018470478823986
2001-12-10,-9.999933900077046,3.0854836577227047,4.007412532652787,36.245131299002715
2001-12-11,-10.297696444402339,3.336640926477655,2.3859975757230996,37.38937916230014
2001-12-12,-9.968821115538343,2.5403764162157936,3.071989243960997,38.49951981092792
2001-12-13,-10.151848996301458,2.3447344367418066,1.6829355385204765,38.30620219117001
2001-12-14,-8.990511945758524,1.674794509717396,1.5982987389767735,39.24091786494898
2001-12-15,-7.6102097696305355,0.7304685805219286,-0.10256676406703558,38.9434395521788
2001-12-16,-7.710751276476823,0.5641158573156784,-0.2736281568367508,39.06196410644565
2001-12-17,-7.978899423136028,-1.267890915155346,-1.1879728176340314,40.41557309573513
2001-12-18,-7.990496657676762,-2.6744275025964788,-0.3392099467639478,39.41035583096593
2001-12-19,-8.600559879526257,-3.1864949520809875,-2.016856754459409,38.96816672294623
2001-12-20,-7.377534921170865,-3.038171381222,-2.4535866135520106,40.98663539848581
2001-12-21,-8.628424512688483,-2.30310190470474,-3.4006585549704043,40.37698327029362
2001-12-22,-7.227359953671749,-1.117440472002858,-5.067218629302715,40.411209981852856
2001-12-23,-7.739811356984049,-1.6820212190750612,-5.345899171424254,39.7754592932573
2001-12-24,-6.87550383802029,-1.8565083399104387,-4.177557807322074,39.23207744562588
2001-12-25,-6.48169255487884,-4.620675592197971,-3.1558132590489167,39.94196696940981
2001-12-26,-6.130356336539561,-6.61481319647174,-2.7292763247975502,40.0759293937293
2001-12-27,-6.090630527112022,-6.232560658264604,-2.484141796522122,38.824670473464735
2001-12-28,-6.368518034226296,-7.471909850335127,-2.376626004297453,39.871752490078336
2001-12-29,-5.672462462420808,-5.6124702677955725,-4.0911797076755345,38.579652894791884
2001-12-30,-5.664789656068824,-6.870654335329995,-5.508128104349906,39.37608880165177
2001-12-31,-5.955052706500242,-5.845729568809222,-5.559919092296648,41.395989560188575
2002-01-01,-4.817200027290489,-6.888345988358353,-5.4094535575000195,40.63170635839769
2002-01-02,-5.8470837989442,-7.744810328561645,-6.185717417487357,39.137766259697294
2002-01-03,-3.4803579568853062,-9.346334719702334,-6.74414046712639,40.78914936911882
2002-01-04,-3.6379240412125684,-8.921619281587875,-6.880373718066038,41.847310661639725
2002-01-05,-3.582799711952102,-8.272860354481617,-6.132447590424116,41.03966122538975
2002-01-06,-2.0221515001063786,-7.519351541238976,-6.082116911721753,40.96477392408937
2002-01-07,-2.322172660331772,-6.948205081301772,-4.662053257570455,41.53077105568266
2002-01-08,-2.115992440958101,-5.700524643596914,-2.23689123930626,42.04242729943415
2002-01-09,-3.311204059223364,-5.289511166361441,-2.942843386317681,42.88349579605329
2002-01-10,-3.8882919108831766,-4.745600836768246,-5.431434844592017,41.93729679423023
2002-01-11,-3.1321109009162833,-5.420625842414438,-5.1028216450475155,42.778791218491705
2002-01-12,-2.748209993630584,-6.219002606016355,-5.835883430766544,42.889206578715
2002-01-13,-0.8915669191303637,-7.600936312650075,-7.722604795305189,43.190962116651654
2002-01-14,-1.7083505938991923,-9.169118398513538,-6.276683184884317,43.07832677430634
2002-01-15,-1.0968238401947472,-9.819820534923965,-6.85827934433365,42.67924512838827
2002-01-16,-1.888354199579633,-9.861080105452357,-6.382162396002418,43.99320213170918
2002-01-17,-2.752443066745195,-8.51237242648464,-6.322753384883457,43.78120544762028
2002-01-18,-2.1044740007425244,-7.203154570882603,-6.4612941296226225,43.00087790357551
2002-01-19,-1.2057157539936498,-5.892390967456517,-8.179834092753897,41.47817188432485
2002-01-20,-2.2462584458665686,-5.003482382221549,-7.606110040893253,42.710716796337195
2002-01-21,-3.3879973470478513,-3.5022469113480916,-7.357268331226334,42.13863438924651
2002-01-22,-3.480167665989115,-4.989092070982152,-6.677027817436285,42.57001147241801
2002-01-23,-3.883280728951929,-6.23319120063357,-6.3053427225976595,43.81929021128065
2002-01-24,-2.7572067776085794,-5.342011954048812,-6.530532805886814,43.95668423424861
2002-01-25,-4.689231762474878,-7.546748347698918,-8.088241641569853,44.680837080670855
2002-01-26,-5.94418368011627,-8.254302908929093,-7.805999903424654,43.65934181739326
2002-01-27,-5.119665884964569,-9.00315920867682,-8.838274937827723,42.82637481300709
2002-01-28,-5.880859012533767,-9.290182332148103,-7.871868714978754,43.968127641196574
2002-01-29,-4.714079472505032,-9.230923540517642,-7.602204375109473,43.47137318308175
2002-01-30,-3.303878404724049,-7.5705601561823705,-7.250430195602861,43.66812088883059
2002-01-31,-3.389583772308222,-8.32266623088254,-9.115702222649572,44.18777395725293
2002-02-01,-4.676274103755647,-9.924972864007682,-9.537465068416246,42.034353284548295
2002-02-02,-5.148612178495544,-10.180674403795523,-8.60807730434044,43.31723852786146
2002-02-03,-4.759022480306601,-9.996173985976581,-9.800338847946959,43.28023491165337
2002-02-04,-3.0761050234039837,-10.42861312790635,-8.854240143739176,42.83688020398268
2002-02-05,-2.8945435815456624,-12.23552518080885,-9.751661029478575,41.51971876541075
2002-02-06,-2.6858336985652222,-13.074649041427913,-8.121921700189558,41.36955008234144
2002-02-07,-2.469791343985431,-11.4376604174242,-6.984624043949411,42.084003779451535
2002-02-08,-0.8925101915764737,-12.974501933516576,-7.550301169926835,43.29260697234128
2002-02-09,0.28698753286392953,-12.41347156154121,-8.491622450762982,44.80190405658124
2002-02-10,-0.6299506137069889,-11.981880687912051,-10.121134203647557,45.07157217444717
2002-02-11,-1.9476621797681513,-11.784184603131047,-11.615756184440297,45.999482996208314
2002-02-12,-2.267109489275038,-11.95991823909762,-11.784925387234622,45.88138328633402
2002-02-13,-2.7141023359437324,-11.328765474584994,-10.653418068547328,45.82437618056768
2002-02-14,-2.570835423368091,-11.31417869603715,-10.51926137153304,45.68527954277329
2002-02-15,-2.4247318371542073,-11.967094450010359,-10.812227922280151,44.36137860230013
2002-02-16,-1.7010027980381521,-12.17483457356177,-10.773487626948564,44.39852279219211
2002-02-17,-3.570127175069225,-11.145356438721642,-10.261777425316119,44.49094663903588
2002-02-18,-4.088439139164043,-12.187918703258017,-10.39700035333993,46.068000084593024
2002-02-19,-4.000313964090591,-12.437379247220852,-10.019866314756689,45.68901721911408
2002-02-20,-5.088601715626497,-12.274800818566368,-11.17186250389462,45.79128399833784
2002-02-21,-5.546117814088783,-11.625050970792667,-11.75804996899404,47.18009506617329
2002-02-22,-6.782530065391084,-12.052769395430198,-12.570760529978429,45.63181437727885
2002-02-23,-6.627448771127427,-11.249616927069116,-13.085120210328293,47.316294121143244
2002-02-24,-6.719864848656994,-11.904627868918606,-13.810847578468954,46.093107443285156
2002-02-25,-5.75446127170914,-10.5484747467319,-12.836739719293842,47.98194097843216
2002-02-26,-4.868376088927139,-9.154103990045344,-12.729624665401289,48.908778201214766
2002-02-27,-4.893966057228102,-8.153401581408865,-13.893140580960374,49.25464367306401
2002-02-28,-4.756883487378332,-8.029027706538912,-14.83659763099814,48.1566606432921
2002-03-01,-4.060765903951133,-7.617861952033072,-16.1998162461843,48.702668427801775
2002-03-02,-2.245367906542355,-7.890727231898008,-14.640947395499923,49.03443742417835
2002-03-03,-2.53911114262671,-7.886512483892441,-15.417393233151106,51.263846564893335
2002-03-04,-3.0288056314205356,-6.157712249144551,-16.491287839311923,51.92241537030755
2002-03-05,-2.263698854650047,-7.777215606653767,-17.005963713335962,50.38884057192283
2002-03-06,-2.2507629954859056,-7.057467965158831,-17.585904627648116,50.666234374640865
2002-03-07,-3.5370575319427893,-6.365267504653872,-17.299339796936433,52.54343775054519
2002-03-08,-3.1088476936001603,-5.514260789842104,-17.851855327714702,52.052651441455474
2002-03-09,-4.626203856018067,-5.2312819024280195,-18.81894181238447,52.685393599336706
2002-03-10,-2.971580844683268,-4.531574683464212,-18.109041037053622,53.31363880615835
2002-03-11,-4.27481152992749,-4.925582355532461,-18.61219450402173,52.83731057188048
2002-03-12,-5.117198611812777,-4.796168194772935,-18.56899778294905,51.34825383956939
2002-03-13,-6.758949500949262,-4.395753892232505,-17.366286124796492,53.96902986055675
2002-03-14,-5.504373831354714,-3.0488079819603247,-16.026704906995004,54.33258702948515
2002-03-15,-6.406483177670511,-3.9966423846022003,-16.802120666287873,54.12800294864862
2002-03-16,-6.0517119331171845,-4.552370306148514,-16.894735731060003,52.14324275204382
2002-03-17,-6.351528330048505,-3.4756776050888707,-16.77181052526274,51.46225298799462
2002-03-18,-5.57146110510606,-2.588705055592081,-15.960384466574855,52.158599419215506
2002-03-19,-7.013243519315255,-4.334638858401602,-15.126398165375402,52.94443765666178
2002-03-20,-6.232546710138818,-5.675974951395109,-14.874308083146524,52.610605228410414
2002-03-21,-7.043505253466976,-7.780103666273748,-15.01751565611485,51.270274797391316
2002-03-22,-6.595752768213982,-8.579900416986247,-14.77242910123728,52.68125335047298
2002-03-23,-6.158137025591065,-8.752677675323074,-14.36238089103015,53.47286449607487
2002-03-24,-5.275745294450418,-8.230104464695193,-15.32730238797889,55.279739346839015
2002-03-25,-6.050119072671519,-8.577380000112992,-13.686367338446466,56.92657065242116
2002-03-26,-5.561133509834632,-9.246762128386557,-16.39484377255784,56.52510008702216
2002-03-27,-4.398676678015866,-8.554659964444394,-17.32648498654212,56.44649233563081
2002-03-28,-3.9899417708352987,-8.651556022572723,-18.61724089236187,55.62987013872364
2002-03-29,-2.2778724157316375,-8.66667253387088,-17.48198188452024,55.95105945110932
2002-03-30,-3.915773518306742,-8.605439643718178,-17.41737639610087,57.85914843644936
2002-03-31,-3.700283609282673,-7.909287115498584,-17.429973401200712,58.54197698125284
2002-04-01,-3.011275994688474,-8.036751984750223,-17.066048543670778,59.1984258224023
2002-04-02,-4.224389899751353,-8.598199830205523,-16.884502282836046,58.31564406907659
2002-04-03,-3.8539986210975976,-8.842801486042474,-18.22298692364295,58.6497348319735
2002-04-04,-2.142403322517085,-8.037028507878356,-17.66958281701071,59.67751390665889
2002-04-05,-4.214269182020301,-6.046113207726986,-19.831733846500182,59.88263565067678
2002-04-06,-3.5663979291255696,-6.811617270780129,-19.897424292886612,61.08558332328868
2002-04-07,-5.143693786206288,-6.978729681518137,-21.512529065587454,60.524508209911446
2002-04-08,-3.9163708803066166,-7.871541322559337,-22.85789773036689,61.281848381808494
2002-04-09,-3.588205163658817,-7.4679691478554115,-23.174441314941355,61.152996285906255
2002-04-10,-4.268275271497114,-6.174499862209979,-21.186951517325586,61.4440438030253
2002-04-11,-4.972507338722938,-7.019035884542292,-21.25044025285001,59.11420043910675
2002-04-12,-6.537584705514105,-8.276623920620615,-19.92112509390528,57.729679620863
2002-04-13,-8.824562898360078,-6.82289484419398,-19.583888314872496,57.429676934934186
2002-04-14,-8.548620638257939,-8.341869529386457,-19.79784363622225,56.82161076555244
2002-04-15,-9.058161986110171,-8.362867048529708,-20.164677874455663,56.624150329214935
2002-04-16,-9.631690332221092,-7.647517664589841,-19.300216250773975,57.32282603286035
2002-04-17,-9.095571142083422,-8.424896812026233,-20.211080967741214,57.958070309267434
2002-04-18,-7.312600659414924,-8.96534606698234,-20.047417468188872,57.293360524309385
2002-04-19,-7.160365029593349,-8.21281708650614,-20.562594139619396,57.496149390451315
2002-04-20,-7.267987268569494,-6.819709606203018,-20.99329670844217,58.00776919918187
2002-04-21,-7.123909358620952,-7.013972852886018,-21.254048363941024,57.58915485405768
2002-04-22,-10.123363559673361,-7.175438320105197,-21.389337220076946,56.84416978375077
2002-04-23,-12.393618880118705,-4.705677369960121,-23.255206013029188,57.59740837542418
2002-04-24,-10.704464640307842,-4.570060969249418,-24.352009308874976,56.83890679573659
2002-04-25,-10.8290049792215,-6.12477280112557,-24.420123278172877,58.075654109469845
2002-04-26,-11.359846872668797,-6.6909655827251555,-24.255423386744525,58.946393388975224
2002-04-27,-11.899544017822269,-4.166491137321881,-23.96895132877475,59.142803298111694
2002-04-28,-12.546845381089447,-5.292169923942858,-24.41549464645186,58.23382447570485
2002-04-29,-12.464907480296434,-6.7635851825465885,-25.444928989762023,56.37918913973975
2002-04-30,-12.048771984820547,-6.549842047412881,-26.496920396109648,56.891187218024264
2002-05-01,-13.302914638487437,-6.119900388038711,-27.13356643625667,56.478510057816884
2002-05-02,-14.914676911605223,-4.792426993004472,-27.98475061239547,56.882373186796094
2002-05-03,-13.242792923742421,-3.870547133298797,-26.574616048940385,55.25963297931219
2002-05-04,-12.589120896129463,-4.983834601552584,-25.95941523973122,53.80692141537892
2002-05-05,-12.756929375943212,-5.166775817528953,-27.31283842844636,55.6260413017158
2002-05-06,-14.069919895184956,-3.7273197803161553,-27.819818689259428,55.51495267097887
2002-05-07,-13.747826525229968,-4.845446913499778,-27.156026873225112,53.5622098808634
2002-05-08,-15.17078824113764,-4.501141792760873,-26.5581476984353,52.86426976053166
2002-05-09,-14.814199202515477,-4.972139922397674,-28.761130731593767,54.048656790153686
2002-05-10,-14.656645627777543,-5.676102537083385,-28.40559978999451,54.39839674264112
2002-05-11,-15.37203482507608,-5.245496872016042,-28.183332267782145,53.90478880474761
2002-05-12,-15.930143361483054,-5.492467721774667,-28.928020748523036,53.133427236022364
2002-05-13,-14.906255778406454,-5.215257431422208,-27.525410380319162,54.538036335007504
2002-05-14,-14.724221153831659,-6.7065612038137745,-27.680261313023777,54.374932777938746
2002-05-15,-16.11613387087984,-5.1341909150747815,-28.879329694339614,55.06841848877423
2002-05-16,-15.539609223365545,-4.728391350989684,-28.93647108911143,55.08281191473748
2002-05-17,-17.305384113654522,-3.2634091729542227,-28.891843430619744,55.22000301216934
2002-05-18,-15.77856350429261,-4.630477449507484,-28.389560589020796,56.322425154276786
2002-05-19,-16.020866649713035,-3.8072242515916175,-29.15113628762522,55.08218443813267
2002-05-20,-17.634391487953163,-4.817746466633006,-28.938599479773654,54.24704656677647
2002-05-21,-18.11291126887336,-5.315926919373184,-28.74472795557043,54.01668354157436
2002-05-22,-16.213823641797898,-4.746293572189557,-29.224157289904937,55.161152260122904
2002-05-23,-15.681109337897073,-5.349361826991695,-29.341552647400952,55.60360699722509
2002-05-24,-16.99739644207719,-4.995381463239629,-30.150734283380498,54.612425220963985
2002-05-25,-17.09117917905406,-4.332141461816562,-28.31213454961763,56.5871696487141
2002-05-26,-17.761902623456955,-5.898538752992975,-28.880788841062518,56.418919244758314
2002-05-27,-17.692843743019104,-5.136629962457576,-29.652881510038384,57.092679834496394
2002-05-28,-17.70729934334654,-5.873364006888212,-30.96275136703055,56.72159866033604
2002-05-29,-16.697550824864713,-5.967884639871005,-31.8946742746832,56.2039074717658
2002-05-30,-18.77642885468397,-5.039990579073193,-31.131014726696115,56.99682118612589
2002-05-31,-19.875058960444775,-3.6266849334485878,-31.17656708683946,56.43583785925445
2002-06-01,-19.82404068094502,-3.163155597704349,-31.990269364248764,55.2729632810658
2002-06-02,-19.471119523798397,-3.1563699426082636,-32.66924663789007,55.110940780510184
2002-06-03,-17.99614105264283,-2.706083709478244,-32.228781003740266,53.62589089259536
2002-06-04,-18.619990062751945,-1.710006767069713,-30.562560355103606,53.82892163244129
2002-06-05,-19.983545909906088,-0.5765870305632006,-29.28998267954859,52.662613532990555
2002-06-06,-19.40416205094018,-0.9955792519378792,-30.080645058316097,53.70833687275956
2002-06-07,-19.343418631769733,-0.5801917498008251,-29.939223947213748,55.52872968630099
2002-06-08,-17.951372561029075,0.3967256243291759,-29.581957941772348,55.46200894132694
2002-06-09,-17.342526625089512,1.3096185309361354,-30.11066635582987,54.09345269443014
2002-06-10,-18.97860608581604,1.809257435133108,-30.729700283818342,54.45921326701203
2002-06-11,-19.33947392618823,1.1556822472936072,-30.622852509614287,53.94014043114999
2002-06-12,-21.868216984375923,0.91242248383662,-31.777581103686448,54.23280182022698
2002-06-13,-22.47099279952754,0.16836961156289765,-31.88765691595849,53.74018657686969
2002-06-14,-21.984274599260754,0.6908686782772252,-31.15664014663413,54.44324332053224
2002-06-15,-22.033511507000135,0.36845073188280436,-31.070848497728033,55.40979933858011
2002-06-16,-20.5247313370838,0.09042381089058871,-29.765754394579965,55.1773736964226
2002-06-17,-19.61631687908853,-1.6609177921966105,-29.348458682132872,55.59427706742515
2002-06-18,-20.18549777320491,-2.528970090627135,-27.521070718849295,55.791819956729626
2002-06-19,-21.6619463587353,-1.7942982475148728,-28.111102636678805,55.43891393200551
2002-06-20,-21.289402423737485,-2.311374455196934,-28.447208232995465,54.23559689559215
2002-06-21,-21.6872737935134,-3.0202309711131248,-27.530556594061217,55.144197448777376
2002-06-22,-21.141652150634407,-2.204268357528562,-26.753559550923086,53.60265158767069
2002-06-23,-22.540637015671113,-1.6905033572038186,-25.47282852795405,53.107021020418514
2002-06-24,-23.1961412191149,-1.9107817739568325,-25.54481896663692,54.28487630789081
2002-06-25,-23.10116849273882,-2.211979947231769,-25.309876008000725,54.63007326252378
2002-06-26,-20.347073513904554,-0.14067413909877313,-27.899426442972405,53.8496188508999
2002-06-27,-18.47820054199207,-1.7229405447606496,-29.183749516779628,55.1489704211176
2002-06-28,-18.370113502638585,-2.585706430852119,-28.245344208616828,55.70824468725622
2002-06-29,-17.60099200158986,-2.2489059228324546,-27.430372998447613,55.44906603091979
2002-06-30,-16.16347571044186,-2.968202610025228,-27.899032995714812,53.85624724596226
2002-07-01,-15.339357250546975,-4.8893124389168285,-27.679968963620542,54.201916026895375
2002-07-02,-14.68684311876829,-3.925710042534785,-25.885550459808552,53.77526551760848
2002-07-03,-15.106629664512122,-2.862344384662491,-24.614870181836608,55.07945954005996
2002-07-04,-14.79525162419406,-1.4065977844663136,-22.687544753546653,55.71495810344237
2002-07-05,-16.994722527911986,-1.3476152057105177,-21.455808636734435,56.391524491185386
2002-07-06,-18.70204663203156,-1.5899931058556962,-21.283835869216652,56.69025048894056
2002-07-07,-17.904012601614475,-0.7203743484977986,-22.1503073583249,56.208332670787755
2002-07-08,-18.82081846172688,0.6076716798753677,-21.90280579967698,55.74159197517823
2002-07-09,-18.34177549112478,-1.6264454914070048,-20.885883245446987,56.63695939184766
2002-07-10,-19.33773412149967,-1.1242082142996228,-21.621453827205663,56.676681607899134
2002-07-11,-19.14671978215878,-1.5050397995963083,-20.82439375863585,56.71147963801132
2002-07-12,-18.729601363842594,-2.079112746827821,-19.900281469398085,57.04896778627059
2002-07-13,-16.542226835138266,-3.0898753688323852,-18.733705663823724,57.016831051433506
2002-07-14,-16.879215894767466,-4.183158349957427,-18.09844566560334,57.90262961349743
2002-07-15,-18.304321481099176,-3.6261186063184434,-16.257853665656494,58.473460557800415
2002-07-16,-19.005090376520524,-2.208918423034067,-17.262463624654927,59.48817763795763
2002-07-17,-18.91805626482453,-2.0661449364165976,-15.905965092106165,59.63462729893418
2002-07-18,-19.348476148295294,-2.587378086921117,-16.80563279502502,60.07434758715438
2002-07-19,-19.709796968092803,-0.8765299504201132,-17.48606893246067,60.20687795561865
2002-07-20,-20.469869978874026,-0.9150286655689368,-16.668610102078258,61.35835238737246
2002-07-21,-19.242437336159025,-0.2829682105961602,-16.282528081987284,60.40115111196264
2002-07-22,-19.600552842970824,-2.2622959327576515,-16.64876607784708,58.40740380084637
2002-07-23,-19.804578022137868,-3.483508490220855,-17.498595148183792,57.02112672481978
2002-07-24,-18.381772460540095,-3.068262440205519,-16.39449383857275,57.5189873466643
2002-07-25,-18.395315060434264,-2.8001946627920167,-16.226049968298383,56.65448095889659
2002-07-26,-18.295608367306226,-3.1623490644194097,-16.938834528982433,56.58446560701537
2002-07-27,-19.142906512513555,-3.728715212922488,-18.491787900757274,56.11515356975184
2002-07-28,-19.357672386291572,-4.625517829768859,-21.028422349317143,56.814997391459485
2002-07-29,-20.46021246137467,-4.39738505608199,-20.925475234291994,57.05928587795413
2002-07-30,-20.084844816620194,-4.0048021574384665,-20.004308327606534,58.21283667962154
2002-07-31,-19.418647983127656,-3.10375778782262,-20.15166701146077,58.89162373841767
2002-08-01,-19.352542786840772,-2.823758388445302,-20.85289469515353,59.2875930566493
2002-08-02,-20.218903667147533,-1.7116399592471672,-19.99989555695295,59.12907644429932
2002-08-03,-21.199223681574075,-0.43373696566406283,-19.834985647287443,59.695282721374134
2002-08-04,-22.141959179045084,-0.45167061756975885,-17.299343466501877,60.734501650763534
2002-08-05,-23.26632443567312,-1.3488819726683214,-18.469669463864722,60.445643167313584
2002-08-06,-22.853824360102582,-2.4172261258888392,-18.84293128560813,59.75666798712222
2002-08-07,-23.147501293321657,-2.239576464863728,-18.719937431343613,60.126488303
2002-08-08,-24.299661353059903,-1.1327855947393146,-19.98246908952467,60.80066265272565
2002-08-09,-23.814594990407024,-2.49701574528122,-20.70361912125069,60.46333619190171
2002-08-10,-24.243244072196617,-4.497983310431284,-20.932202019553873,59.58868553329903
2002-08-11,-25.68274932108504,-5.7576466694354815,-19.932671884400214,59.05753770994331
2002-08-12,-24.17972362166855,-4.281090115485044,-18.44039723889623,59.326192098008974
2002-08-13,-24.50732329261702,-4.371144284921841,-17.56511425043325,58.3227553313328
2002-08-14,-24.35936699218498,-3.513908239932563,-17.273760776826506,57.50443750612393
2002-08-15,-23.231834103543488,-3.5233918841964464,-17.333327816641123,57.671543750401206
2002-08-16,-23.596129803315627,-1.3589256012469977,-17.81362231073975,58.59472891443756
2002-08-17,-23.079781576600936,-0.3068657304119957,-16.461493226268683,59.1411502451697
2002-08-18,-21.470780346422824,-1.6548548329888826,-16.055933875506415,59.87555170221318
2002-08-19,-19.94521872978201,-1.4290048216695765,-15.728258914297715,57.7868624978794
2002-08-20,-21.46646710929191,-0.5794364701771805,-14.729196508801811,56.976498384906115
2002-08-21,-20.71631563583264,-1.3995237352629526,-14.570896332981395,56.38497410950674
2002-08-22,-21.042732905143353,-2.111663813193946,-15.355035645547494,55.5950827678187
2002-08-23,-20.86812649046322,-1.8617802754443542,-16.117402177692806,56.12958111455577
2002-08-24,-20.351119771912735,-1.4315409932074816,-15.916751268329548,55.68657031291976
2002-08-25,-20.562870704262416,-2.1252503669863025,-16.938225709949148,55.86901323582274
2002-08-26,-19.9473780532871,-3.3707453829737926,-16.97443129901924,55.925129661224446
2002-08-27,-20.858021835699834,-2.573698012532443,-18.658477559102362,56.50792929883078
2002-08-28,-21.84193058509147,-0.6528989081463799,-18.80513170544545,57.85117719033121
2002-08-29,-20.412965751406098,1.143076010868309,-17.907904318059344,57.788621615061594
2002-08-30,-19.225597733894496,1.4491028298574284,-16.64475453598881,56.22796838286281
2002-08-31,-17.879021739294775,1.9530661219815082,-17.731137329384104,55.523279020877595
2002-09-01,-18.93785404121381,1.2288400767702852,-17.076699432578604,54.38234400985911
2002-09-02,-19.078995256967,0.4733217067036629,-17.728435342270984,53.86222644213885
2002-09-03,-17.939604310238447,-0.08884774071336399,-18.19669066579088,53.42498594536007
2002-09-04,-17.12156043525472,0.04523786767941307,-16.670747981540924,52.08507831142634
2002-09-05,-17.26040845309464,0.7328643616110289,-17.303062753408568,54.79020581632951
2002-09-06,-16.834642255124095,-0.6587394923081533,-17.415110210879277,53.21814732244528
2002-09-07,-18.490811124484956,0.33198394807277054,-18.429210927215355,54.76545334803059
2002-09-08,-17.063816789418862,0.6432791265612959,-19.40911540592955,54.891901933859614
2002-09-09,-18.483217223767944,2.0937313907361528,-18.644251092188096,55.435438556581936
2002-09-10,-17.74111912165813,1.922878977084548,-19.647397017265323,53.145832224104275
2002-09-11,-18.335241838592363,1.4895419820179225,-18.862506310715876,53.07128395899104
2002-09-12,-20.05469355971653,2.3689767345857793,-18.40137742733265,52.13595880870166
2002-09-13,-19.04363265971609,3.525946861641587,-19.39565207729393,52.25780222406905
2002-09-14,-18.745734380296888,3.3574289109064694,-19.759741937694926,52.16358688524053
2002-09-15,-21.336826989334167,5.23236104454126,-19.191150220534393,52.041982103316236
2002-09-16,-18.585526735094675,5.505210721146738,-17.023908835775163,52.14805957849696
2002-09-17,-20.319523119705554,5.656831557734226,-16.067534838632824,52.080968490485326
2002-09-18,-20.878552521808643,5.041262627861947,-16.28797168315575,51.924993739644606
2002-09-19,-21.55930640219273,7.180645876600503,-17.534983148305873,51.64253668780562
2002-09-20,-21.48944106366408,6.92463703022469,-19.011159413143996,51.8897338803058
2002-09-21,-20.758508249610777,6.640423980282277,-20.141346173986108,52.46336111715035
2002-09-22,-21.606180956937465,6.83079730700153,-19.752568759294185,53.233399463998595
2002-09-23,-20.842144782893374,7.055742138508716,-18.76948460885928,52.52063851356223
2002-09-24,-20.51001522629199,7.565778559855489,-17.93150657780169,50.62622291141263
2002-09-25,-21.40431882031877,7.293636941329369,-17.978010116894676,51.825966194776825
2002-09-26,-19.58935812475975,5.998232408628775,-17.288610444460602,53.121581203031944
